"from","to","value","title"
1,30,6,"6 Students"
1,33,1,"1 Students"
1,90,1,"1 Students"
1,93,1,"1 Students"
1,99,1,"1 Students"
2,30,2,"2 Students"
2,46,1,"1 Students"
2,70,1,"1 Students"
3,30,5,"5 Students"
3,32,1,"1 Students"
3,71,1,"1 Students"
3,73,1,"1 Students"
3,76,1,"1 Students"
3,85,2,"2 Students"
3,91,1,"1 Students"
3,96,1,"1 Students"
3,98,1,"1 Students"
3,100,1,"1 Students"
4,30,4,"4 Students"
4,39,1,"1 Students"
4,47,1,"1 Students"
5,30,7,"7 Students"
5,50,1,"1 Students"
5,52,1,"1 Students"
5,57,1,"1 Students"
5,67,1,"1 Students"
5,74,1,"1 Students"
5,78,1,"1 Students"
5,81,1,"1 Students"
5,87,1,"1 Students"
5,97,1,"1 Students"
6,30,3,"3 Students"
6,36,1,"1 Students"
6,40,1,"1 Students"
6,49,1,"1 Students"
6,50,1,"1 Students"
6,52,1,"1 Students"
6,53,1,"1 Students"
6,68,1,"1 Students"
6,84,1,"1 Students"
6,89,1,"1 Students"
7,30,12,"12 Students"
8,30,18,"18 Students"
8,34,1,"1 Students"
8,47,1,"1 Students"
8,77,1,"1 Students"
8,94,1,"1 Students"
8,101,1,"1 Students"
9,30,2,"2 Students"
9,62,1,"1 Students"
10,30,1,"1 Students"
11,30,1,"1 Students"
11,61,1,"1 Students"
11,85,1,"1 Students"
11,91,1,"1 Students"
12,30,64,"64 Students"
12,42,1,"1 Students"
12,47,1,"1 Students"
12,72,1,"1 Students"
13,30,2,"2 Students"
13,42,1,"1 Students"
13,55,1,"1 Students"
14,30,4,"4 Students"
14,80,1,"1 Students"
14,95,1,"1 Students"
15,31,1,"1 Students"
16,30,6,"6 Students"
16,35,1,"1 Students"
16,63,1,"1 Students"
16,73,1,"1 Students"
16,74,1,"1 Students"
16,79,1,"1 Students"
16,88,1,"1 Students"
16,93,1,"1 Students"
17,30,5,"5 Students"
17,36,1,"1 Students"
17,38,1,"1 Students"
17,55,1,"1 Students"
17,82,1,"1 Students"
17,85,1,"1 Students"
17,86,1,"1 Students"
17,89,1,"1 Students"
17,92,1,"1 Students"
18,30,60,"60 Students"
18,34,1,"1 Students"
18,41,1,"1 Students"
18,56,1,"1 Students"
18,65,1,"1 Students"
18,69,1,"1 Students"
18,72,1,"1 Students"
18,91,1,"1 Students"
18,98,1,"1 Students"
19,30,2,"2 Students"
19,44,1,"1 Students"
19,45,2,"2 Students"
19,59,1,"1 Students"
19,66,1,"1 Students"
20,30,1,"1 Students"
21,30,2,"2 Students"
21,55,1,"1 Students"
21,83,1,"1 Students"
22,30,1,"1 Students"
22,43,2,"2 Students"
22,48,1,"1 Students"
22,52,1,"1 Students"
22,55,1,"1 Students"
22,60,1,"1 Students"
22,64,1,"1 Students"
22,68,1,"1 Students"
22,73,2,"2 Students"
22,75,1,"1 Students"
22,79,2,"2 Students"
22,86,1,"1 Students"
22,91,1,"1 Students"
22,96,2,"2 Students"
23,27,1,"1 Students"
23,33,2,"2 Students"
23,54,1,"1 Students"
23,58,1,"1 Students"
23,75,1,"1 Students"
23,91,1,"1 Students"
24,52,1,"1 Students"
24,85,1,"1 Students"
24,90,1,"1 Students"
25,28,1,"1 Students"
25,29,1,"1 Students"
25,30,4,"4 Students"
25,37,1,"1 Students"
25,51,1,"1 Students"
25,65,1,"1 Students"
26,30,3,"3 Students"
26,38,1,"1 Students"
26,82,1,"1 Students"
26,91,1,"1 Students"
27,125,1,"1 Students"
28,119,1,"1 Students"
29,159,1,"1 Students"
30,108,1,"1 Students"
30,115,11,"11 Students"
30,119,3,"3 Students"
30,121,5,"5 Students"
30,123,4,"4 Students"
30,124,4,"4 Students"
30,128,1,"1 Students"
30,129,1,"1 Students"
30,130,3,"3 Students"
30,131,15,"15 Students"
30,138,63,"63 Students"
30,140,3,"3 Students"
30,142,2,"2 Students"
30,144,1,"1 Students"
30,145,2,"2 Students"
30,147,2,"2 Students"
30,152,5,"5 Students"
30,155,8,"8 Students"
30,156,4,"4 Students"
30,158,1,"1 Students"
30,163,3,"3 Students"
30,164,1,"1 Students"
30,166,53,"53 Students"
30,175,4,"4 Students"
30,176,3,"3 Students"
30,177,2,"2 Students"
30,180,2,"2 Students"
30,181,2,"2 Students"
30,182,1,"1 Students"
30,183,2,"2 Students"
30,184,2,"2 Students"
30,185,1,"1 Students"
31,105,1,"1 Students"
32,168,1,"1 Students"
33,137,1,"1 Students"
33,172,2,"2 Students"
34,131,1,"1 Students"
34,166,1,"1 Students"
35,115,1,"1 Students"
36,146,1,"1 Students"
36,165,1,"1 Students"
37,160,1,"1 Students"
38,127,1,"1 Students"
38,181,1,"1 Students"
39,161,1,"1 Students"
40,168,1,"1 Students"
41,137,1,"1 Students"
42,139,1,"1 Students"
42,150,1,"1 Students"
43,151,1,"1 Students"
43,174,1,"1 Students"
44,185,1,"1 Students"
45,185,2,"2 Students"
46,108,1,"1 Students"
47,109,1,"1 Students"
47,148,2,"2 Students"
48,174,1,"1 Students"
49,134,1,"1 Students"
50,120,1,"1 Students"
50,122,1,"1 Students"
51,160,1,"1 Students"
52,149,1,"1 Students"
52,168,2,"2 Students"
52,174,1,"1 Students"
53,171,1,"1 Students"
54,178,1,"1 Students"
55,136,1,"1 Students"
55,143,1,"1 Students"
55,160,1,"1 Students"
55,174,1,"1 Students"
56,166,1,"1 Students"
57,121,1,"1 Students"
58,116,1,"1 Students"
59,170,1,"1 Students"
60,174,1,"1 Students"
61,148,1,"1 Students"
62,102,1,"1 Students"
63,179,1,"1 Students"
64,154,1,"1 Students"
65,107,1,"1 Students"
65,162,1,"1 Students"
66,169,1,"1 Students"
67,120,1,"1 Students"
68,134,1,"1 Students"
68,169,1,"1 Students"
69,169,1,"1 Students"
70,133,1,"1 Students"
71,168,1,"1 Students"
72,141,1,"1 Students"
72,166,1,"1 Students"
73,126,1,"1 Students"
73,164,1,"1 Students"
73,165,1,"1 Students"
73,166,1,"1 Students"
74,113,1,"1 Students"
74,164,1,"1 Students"
75,110,1,"1 Students"
75,135,1,"1 Students"
76,116,1,"1 Students"
77,131,1,"1 Students"
78,121,1,"1 Students"
79,111,1,"1 Students"
79,151,1,"1 Students"
79,164,1,"1 Students"
80,169,1,"1 Students"
81,121,1,"1 Students"
82,103,1,"1 Students"
82,165,1,"1 Students"
83,160,1,"1 Students"
84,122,1,"1 Students"
85,117,1,"1 Students"
85,118,1,"1 Students"
85,132,1,"1 Students"
85,136,1,"1 Students"
85,167,1,"1 Students"
86,104,1,"1 Students"
86,174,1,"1 Students"
87,168,1,"1 Students"
88,166,1,"1 Students"
89,118,1,"1 Students"
89,122,1,"1 Students"
90,106,1,"1 Students"
90,168,1,"1 Students"
91,116,1,"1 Students"
91,156,1,"1 Students"
91,159,1,"1 Students"
91,166,1,"1 Students"
91,173,1,"1 Students"
91,181,1,"1 Students"
92,165,1,"1 Students"
93,115,1,"1 Students"
93,157,1,"1 Students"
94,131,1,"1 Students"
95,137,1,"1 Students"
96,112,1,"1 Students"
96,174,2,"2 Students"
97,153,1,"1 Students"
98,119,1,"1 Students"
98,137,1,"1 Students"
99,119,1,"1 Students"
100,114,1,"1 Students"
101,169,1,"1 Students"
102,9,1,"1 Students"
103,26,1,"1 Students"
104,17,1,"1 Students"
105,15,1,"1 Students"
106,1,1,"1 Students"
107,25,1,"1 Students"
108,2,1,"1 Students"
108,21,1,"1 Students"
109,12,1,"1 Students"
110,22,1,"1 Students"
111,22,1,"1 Students"
112,3,1,"1 Students"
113,5,1,"1 Students"
114,3,1,"1 Students"
115,3,1,"1 Students"
115,6,2,"2 Students"
115,7,1,"1 Students"
115,16,7,"7 Students"
115,18,1,"1 Students"
115,19,1,"1 Students"
116,3,2,"2 Students"
116,23,1,"1 Students"
117,24,1,"1 Students"
118,17,2,"2 Students"
119,1,1,"1 Students"
119,4,1,"1 Students"
119,8,1,"1 Students"
119,18,2,"2 Students"
119,25,1,"1 Students"
120,5,2,"2 Students"
121,5,7,"7 Students"
121,8,1,"1 Students"
122,6,3,"3 Students"
123,7,4,"4 Students"
124,1,1,"1 Students"
124,7,3,"3 Students"
125,23,1,"1 Students"
126,3,1,"1 Students"
127,17,1,"1 Students"
128,5,1,"1 Students"
129,1,1,"1 Students"
130,17,3,"3 Students"
131,6,1,"1 Students"
131,8,15,"15 Students"
131,10,1,"1 Students"
131,12,1,"1 Students"
132,3,1,"1 Students"
133,2,1,"1 Students"
134,6,2,"2 Students"
135,23,1,"1 Students"
136,11,1,"1 Students"
136,17,1,"1 Students"
137,3,1,"1 Students"
137,14,1,"1 Students"
137,18,1,"1 Students"
137,23,1,"1 Students"
138,12,63,"63 Students"
139,12,1,"1 Students"
140,5,1,"1 Students"
140,7,1,"1 Students"
140,18,1,"1 Students"
141,12,1,"1 Students"
142,7,1,"1 Students"
142,18,1,"1 Students"
143,13,1,"1 Students"
144,4,1,"1 Students"
145,7,2,"2 Students"
146,6,1,"1 Students"
147,4,1,"1 Students"
147,8,1,"1 Students"
148,4,1,"1 Students"
148,8,1,"1 Students"
148,11,1,"1 Students"
149,5,1,"1 Students"
150,13,1,"1 Students"
151,22,2,"2 Students"
152,3,4,"4 Students"
152,25,1,"1 Students"
153,5,1,"1 Students"
154,22,1,"1 Students"
155,2,1,"1 Students"
155,4,1,"1 Students"
155,9,2,"2 Students"
155,14,2,"2 Students"
155,20,1,"1 Students"
155,25,1,"1 Students"
156,5,1,"1 Students"
156,14,2,"2 Students"
156,22,1,"1 Students"
156,26,1,"1 Students"
157,1,1,"1 Students"
158,8,1,"1 Students"
159,11,1,"1 Students"
159,25,1,"1 Students"
160,21,2,"2 Students"
160,25,2,"2 Students"
161,4,1,"1 Students"
162,18,1,"1 Students"
163,18,3,"3 Students"
164,16,3,"3 Students"
164,22,1,"1 Students"
165,17,3,"3 Students"
165,22,1,"1 Students"
166,16,2,"2 Students"
166,18,57,"57 Students"
167,3,1,"1 Students"
168,3,2,"2 Students"
168,5,1,"1 Students"
168,6,2,"2 Students"
168,24,2,"2 Students"
169,8,1,"1 Students"
169,14,1,"1 Students"
169,18,1,"1 Students"
169,19,1,"1 Students"
169,22,1,"1 Students"
170,19,1,"1 Students"
171,6,1,"1 Students"
172,1,1,"1 Students"
172,23,1,"1 Students"
173,23,1,"1 Students"
174,22,8,"8 Students"
175,2,1,"1 Students"
175,11,1,"1 Students"
175,13,2,"2 Students"
176,21,1,"1 Students"
176,25,2,"2 Students"
177,8,1,"1 Students"
177,22,1,"1 Students"
178,23,1,"1 Students"
179,16,1,"1 Students"
180,17,1,"1 Students"
180,26,1,"1 Students"
181,17,1,"1 Students"
181,26,3,"3 Students"
182,8,1,"1 Students"
183,1,2,"2 Students"
184,1,2,"2 Students"
185,19,4,"4 Students"
